pd_id	result_ut	valid	rejected	polled	electors	UNP	PA	JVP	Ind 2	Liberal	Ind 1	SMBP	LDA	PLSF	SLMP	Ind 3	DUNF	PFF
EC-06A	915166920	165097	4885	169982	216038	87653	70497	1897	1128	1074	672	591	489	326	322	244	102	102
EC-01B	915166860	98535	2605	101140	143993	59234	35416	1955	178	137	104	272	424	82	630	53	26	24
EC-13A	915166800	93446	1538	94984	121407	39712	48385	3275	497	496	364	206	93	172	94	79	36	37
EC-01J	915166740	91490	2530	94020	126119	32951	50535	6170	102	101	112	916	338	79	91	32	34	29
EC-01N	915166680	89623	2967	92590	121836	31302	51240	5236	105	101	134	940	346	70	71	20	32	26
EC-04B	915166620	87198	2720	89918	120150	41640	40996	2782	244	230	165	384	110	91	359	114	40	43
EC-01L	915166560	84123	2383	86506	116577	30859	46823	4878	140	102	129	662	267	69	91	32	34	37
EC-02H	915166500	83682	1780	85462	111814	26257	51606	4433	114	90	130	626	198	77	63	39	26	23
EC-13D	915166440	82916	1360	84276	110386	34407	46341	427	437	339	231	76	116	162	284	34	40	22
EC-09D	915166380	82255	1675	83930	114717	30983	39021	10865	180	229	249	202	121	130	134	61	45	35
EC-12B	915166320	81098	1750	82848	124480	48700	29523	159	550	687	269	100	406	148	394	89	32	41
EC-02J	915166260	79574	1809	81383	107701	27771	46703	3941	122	103	113	402	171	62	99	30	30	27
EC-01O	915166200	79327	2006	81333	105483	33017	41380	3692	96	72	127	431	288	70	76	20	38	20
EC-01M	915166140	77081	2876	79957	108622	27338	43584	4168	98	82	117	1119	340	68	78	31	25	33
EC-02G	915166080	77828	1933	79761	101470	21709	51204	3608	133	95	143	411	125	77	212	45	52	14
EC-02I	915166020	77852	1759	79611	104076	29726	44098	3089	82	72	112	236	224	57	82	27	21	26
EC-21H	915165960	76559	1676	78235	100436	29473	39343	5942	344	331	305	195	220	133	101	75	52	45
EC-20C	915165900	76301	1503	77804	98437	31534	37950	5279	305	307	248	176	126	148	99	49	41	39
EC-02C	915165840	76235	1545	77780	100352	27389	45607	2224	125	92	148	261	171	71	82	25	19	21
EC-18C	915165780	76249	1473	77722	98929	32472	39372	3165	257	269	189	146	65	92	125	55	26	16
EC-02F	915165720	75491	1514	77005	98927	28328	42314	3658	134	102	125	450	106	94	98	29	33	20
EC-03B	915165660	73354	1467	74821	93107	28430	40384	3262	171	139	154	384	154	90	78	37	31	40
EC-02E	915165600	72025	1619	73644	96907	28456	38075	4213	150	106	116	415	112	82	198	50	31	21
EC-05A	915165600	71768	1876	73644	97348	30850	35811	3496	323	270	214	233	91	132	169	76	46	57
EC-21B	915165480	71215	1267	72482	89518	29298	38665	1914	245	176	156	230	202	106	115	45	32	31
EC-01H	915165420	70133	1819	71952	96164	28681	36907	3385	97	93	113	468	188	42	107	23	16	13
EC-17E	915165360	69765	1503	71268	90631	23388	42154	2845	248	227	242	187	119	138	89	63	36	29
EC-03A	915165300	69073	2014	71087	91768	24976	39081	3647	90	81	96	596	242	60	144	19	25	16
EC-03C	915165240	69040	1417	70457	86680	27700	37559	2648	182	126	139	308	130	79	77	40	21	31
EC-03F	915165180	67413	1540	68953	90723	27131	35751	3369	127	111	135	386	131	77	105	38	21	31
EC-03G	915165120	67321	1145	68466	87513	29585	34369	2421	160	114	150	148	81	70	159	35	14	15
EC-02A	915165060	66512	1541	68053	88377	30566	32954	2127	83	72	74	184	279	47	60	22	27	17
EC-02K	915165000	66907	1081	67988	87240	23857	39214	2794	137	121	142	281	97	71	81	35	48	29
EC-02L	915164940	66442	1443	67885	88034	26061	36550	2825	114	78	110	369	118	54	94	24	27	18
EC-01K	915164880	65182	1495	66677	87913	26903	33957	2976	158	123	113	334	300	91	109	41	30	47
EC-02D	915164820	65147	941	66088	83077	27007	35245	2046	127	100	107	215	97	62	54	36	21	30
EC-07E	915164760	65109	873	65982	78752	25292	35712	3183	174	152	135	95	50	110	75	59	24	48
EC-15C	915164700	63499	1269	64768	86938	28525	31252	2714	206	166	149	151	70	95	65	58	24	24
EC-09C	915164640	63214	1222	64436	89147	22431	29828	9887	174	181	149	171	119	98	72	43	39	22
EC-03E	915164580	62565	1492	64057	84575	25813	32352	3221	183	162	148	316	75	83	74	71	35	32
EC-21D	915164520	62628	1232	63860	78239	28184	31231	1810	238	244	189	217	152	108	100	68	43	44
EC-16C	915164460	61383	1309	62692	87891	26708	31998	1813	187	100	137	116	90	58	90	37	21	28
EC-03H	915164400	60813	1226	62039	82145	26506	30128	3014	208	163	176	227	78	76	86	83	34	34
EC-07F	915164340	60496	1145	61641	76860	22969	34097	2406	191	148	136	167	91	91	82	56	22	40
EC-21E	915164280	59209	1055	60264	75436	28059	28305	1552	257	253	188	165	97	105	101	71	24	32
EC-21F	915164220	59153	941	60094	70432	24516	32193	1186	251	202	206	145	123	83	100	84	31	33
EC-02B	915164160	58822	1181	60003	83508	28156	28515	1360	92	74	111	106	156	55	126	36	20	15
EC-21A	915164100	58429	1236	59665	76327	23868	31228	1502	180	155	121	136	949	62	115	60	26	27
EC-15A	915164040	58570	1068	59638	79147	23395	31610	2645	186	176	166	111	55	85	75	43	6	17
EC-15I	915163980	58100	977	59077	77629	27228	28350	1662	136	113	106	180	60	50	120	44	23	28
EC-15H	915163920	58275	718	58993	75795	23680	31996	1824	124	93	116	184	48	57	77	37	21	18
EC-15J	915163860	57867	1082	58949	75865	24457	30403	2158	128	111	110	214	58	66	72	45	19	26
EC-02M	915163800	57190	1582	58772	77425	22215	30947	2940	76	52	108	512	124	59	103	19	19	16
EC-16E	915163740	56881	1076	57957	83686	24449	30149	1583	108	80	89	166	100	48	48	27	17	17
EC-07D	915163680	56795	991	57786	75271	21196	31626	3128	115	119	125	169	82	76	69	44	22	24
EC-08C	915163620	56680	1090	57770	76916	21330	30040	4231	154	182	145	195	72	100	99	58	34	40
EC-16B	915163560	56416	1199	57615	83322	22733	30542	2216	176	195	154	131	49	87	58	38	22	15
EC-22A	915163500	56533	1065	57598	74291	25324	28307	2005	125	122	129	189	51	61	110	66	23	21
EC-04L	915163440	55893	1626	57519	73137	23928	29986	828	141	161	159	244	94	90	163	51	26	22
EC-08A	915163380	55055	1464	56519	74409	21400	29229	3108	251	223	157	207	95	111	116	75	38	45
EC-20B	915163320	54835	1489	56324	73336	21049	30055	2465	264	256	226	155	62	101	58	53	57	34
EC-08G	915163260	54674	1027	55701	78320	19183	30939	3674	123	87	114	219	67	71	116	35	20	26
EC-09A	915163200	53664	1389	55053	78596	21426	24728	6298	227	198	180	187	125	108	68	47	38	34
EC-01A	915163140	53167	1409	54576	77447	32714	18114	1281	95	94	86	115	408	46	163	26	14	11
EC-07I	915163080	53461	1070	54531	69229	19749	30327	2602	129	81	91	150	124	62	69	41	20	16
EC-08B	915163020	53161	983	54144	75156	19464	29115	3471	199	170	192	194	54	92	85	57	36	32
EC-05D	915162960	52283	1627	53910	71025	22336	26959	1574	255	235	232	264	75	78	142	78	28	27
EC-15D	915162900	52129	1535	53664	74632	24589	24366	2101	156	165	136	240	70	70	104	60	44	28
EC-15B	915162840	52383	1191	53574	72758	23694	26123	1789	125	124	125	135	53	62	75	35	24	19
EC-08F	915162780	51743	1790	53533	72593	18743	28865	3273	86	72	72	276	156	54	94	19	15	18
EC-15G	915162720	52701	789	53490	68736	23876	27022	1143	112	85	96	129	55	53	64	35	13	18
EC-04C	915162660	52091	1338	53429	63055	17372	32945	928	134	119	125	168	55	56	122	35	12	20
EC-17D	915162600	52420	991	53411	73549	23492	25850	2015	177	166	157	150	33	129	166	44	21	20
EC-04M	915162540	51622	1513	53135	69098	20885	28277	1353	195	149	165	184	88	86	110	77	22	31
EC-22E	915162480	51040	943	51983	69783	23730	24279	1938	150	138	115	232	72	52	245	47	19	23
EC-19A	915162420	50418	1308	51726	65925	27638	19750	1757	260	400	199	133	46	62	54	69	24	26
EC-03D	915162360	50597	991	51588	66212	22879	25424	1397	156	128	131	184	45	69	69	63	24	28
EC-07G	915162300	50698	749	51447	68503	19134	28404	2497	104	88	91	144	79	74	32	26	10	15
EC-06C	915162240	49863	1461	51324	58213	18426	29000	1572	158	143	140	131	51	71	68	54	21	28
EC-01I	915162180	49636	1675	51311	70424	21455	24782	2075	37	87	83	763	231	41	47	10	10	15
EC-08D	915162120	50054	887	50941	70157	17689	28515	2997	126	147	106	201	68	50	68	41	22	24
EC-07J	915162060	49704	1086	50790	67833	18064	28137	2727	135	97	94	161	92	67	55	40	15	20
EC-06D	915162000	49421	1366	50787	64127	23685	23312	1299	198	186	168	142	158	80	67	63	30	33
EC-16A	915161940	49432	1202	50634	80531	26894	20842	701	203	155	144	71	106	66	182	38	12	18
EC-08E	915161880	49495	963	50458	68296	18844	25363	4539	99	107	100	155	84	62	56	47	24	15
EC-17C	915161820	49134	1015	50149	69006	20153	25187	2996	127	103	105	174	77	63	98	25	19	7
EC-04F	915161760	48654	1415	50069	65317	22974	23259	1569	131	113	74	267	60	45	78	43	16	25
EC-09B	915161700	49130	919	50049	68349	18140	24492	5691	118	116	101	136	81	80	69	40	37	29
EC-15L	915161640	48914	1101	50015	66346	22450	23715	1700	100	106	113	355	112	50	147	27	17	22
EC-21C	915161580	48530	941	49471	58977	21293	24995	1195	159	191	170	172	112	76	76	44	20	27
EC-15M	915161520	48353	995	49348	67307	21972	23463	1838	158	106	115	217	71	54	250	51	35	23
EC-12A	915161460	47127	1043	48170	76988	22614	21939	70	623	665	381	95	183	130	288	86	27	26
EC-04J	915161400	46592	1464	48056	62747	21219	23135	1293	125	102	61	301	103	49	105	54	24	21
EC-16D	915161340	47092	846	47938	68620	19079	26152	1285	66	69	63	111	68	48	96	24	15	16
EC-19H	915161280	46140	1526	47666	62074	20768	23002	1339	164	150	151	178	87	74	98	74	26	29
EC-04K	915161220	46372	1204	47576	62497	21920	22192	1199	139	124	83	251	68	58	240	45	22	31
EC-18A	915161160	46376	859	47235	61803	18627	24141	2849	149	140	107	119	51	66	60	28	26	13
EC-18B	915161100	46129	736	46865	60171	20345	23395	1709	135	132	94	95	33	86	55	32	10	8
EC-15K	915161040	45579	908	46487	61882	20537	22890	1353	114	84	98	230	58	50	84	37	17	27
EC-22H	915160980	45529	725	46254	59827	19546	23868	1337	135	129	108	109	101	49	60	45	26	16
EC-06B	915160920	44823	1193	46016	59333	20984	22068	826	211	164	133	136	67	76	71	52	22	13
EC-07H	915160860	44978	1000	45978	63300	20042	22008	2207	64	61	63	225	112	37	119	18	15	7
EC-13B	915160800	45154	701	45855	56629	15225	28822	86	191	219	115	34	152	120	137	34	8	11
EC-15E	915160740	44869	965	45834	59601	18163	24187	1847	103	80	106	133	78	47	55	25	21	24
EC-05C	915160680	44433	1322	45755	64069	20185	21709	1392	168	172	122	239	94	56	170	59	34	33
EC-17G	915160620	44704	964	45668	58684	19151	23631	1144	141	146	121	87	44	64	97	36	26	16
EC-20A	915160560	44574	1028	45602	58803	19156	21890	2337	247	294	204	130	78	85	57	43	26	27
EC-01G	915160500	43964	1500	45464	63466	17572	22868	2514	42	55	60	485	203	36	94	10	18	7
EC-22G	915160440	44393	998	45391	59922	19765	22655	902	195	184	173	162	97	68	78	66	12	36
EC-17A	915160380	44323	745	45068	62120	16742	24878	1875	180	142	138	98	30	92	67	41	15	25
EC-07B	915160320	44171	880	45051	58545	16358	24642	2595	78	55	62	141	84	47	55	32	9	13
EC-14B	915160260	43754	1227	44981	77484	28061	13807	573	224	201	130	74	304	71	201	51	30	27
EC-19G	915160200	43156	1203	44359	56170	20447	20063	1665	156	126	99	128	33	69	291	47	15	17
EC-22C	915160140	43240	924	44164	59084	16407	23670	2314	105	104	121	259	85	39	61	32	22	21
EC-01D	915160080	42770	1388	44158	64386	22281	17777	1486	61	89	59	410	419	34	109	19	16	10
EC-15F	915160020	43252	835	44087	58677	18484	22991	1197	101	99	74	103	32	53	58	34	15	11
EC-04H	915159960	42865	1213	44078	59187	20803	19893	1173	83	73	66	431	133	38	114	29	16	13
EC-17B	915159900	43087	690	43777	58774	17732	23075	1579	170	137	94	69	29	65	76	25	21	15
EC-13C	915159840	42924	707	43631	55387	18390	23773	34	149	136	112	18	79	65	129	22	7	10
EC-05B	915159780	42179	1112	43291	53732	16091	24073	1069	200	181	171	112	35	74	64	48	31	30
EC-22B	915159720	41781	750	42531	57224	18227	21032	1670	134	127	106	206	67	51	70	47	20	24
EC-04G	915159660	41174	1059	42233	55180	19808	19900	638	153	128	116	108	42	51	149	46	19	16
EC-14C	915159600	41324	716	42040	66690	18987	20908	120	274	307	165	44	34	108	298	41	18	20
EC-07C	915159540	41133	857	41990	56502	14882	22445	3157	144	51	103	115	55	65	51	30	19	16
EC-22D	915159480	41065	809	41874	54323	15635	22909	1740	112	97	118	204	65	56	52	39	16	22
EC-22I	915159420	41056	801	41857	54448	19062	19771	1202	201	205	179	146	75	57	66	45	20	27
EC-01F	915159360	40194	1446	41640	58407	19126	18683	1346	33	78	44	412	324	17	86	9	20	16
EC-15N	915159300	39821	1147	40968	55412	17011	19594	2283	140	147	154	137	95	74	102	44	24	16
EC-12C	915159240	39723	869	40592	68729	31295	6962	53	354	484	132	54	200	53	37	59	18	22
EC-19F	915159180	39450	960	40410	49560	18969	18433	1401	134	117	88	72	61	55	54	35	15	16
EC-19E	915159120	38913	1433	40346	51998	18382	18253	1384	142	154	131	163	39	77	85	57	21	25
EC-01C	915159060	38213	1058	39271	55338	19151	17023	1289	57	57	42	275	148	23	119	13	5	11
EC-21G	915159000	38406	544	38950	46426	15428	21261	963	137	131	135	84	93	49	48	43	15	19
EC-14A	915158940	37808	586	38394	57634	14551	20781	1515	236	202	181	90	37	65	73	35	21	21
EC-19I	915158880	36396	1210	37606	48861	18053	16622	826	164	180	121	103	86	52	92	57	23	17
EC-19C	915158820	36371	1222	37593	48066	18124	16558	748	189	205	155	95	64	67	61	54	28	23
EC-11B	915158760	36282	968	37250	86970	27621	6845	427	257	326	142	55	293	42	178	45	24	27
EC-04D	915158700	35993	922	36915	46840	16335	18216	632	135	186	133	113	29	60	54	48	22	30
EC-17F	915158640	34693	743	35436	46770	14393	18131	1508	131	136	102	77	31	43	72	32	21	16
EC-04A	915158580	34774	637	35411	46621	16428	16777	933	115	93	70	134	46	41	57	49	16	15
EC-22F	915158520	34357	749	35106	46078	14224	18314	1232	99	101	78	117	34	44	63	28	10	13
EC-07A	915158460	32800	539	33339	45790	13372	17524	1466	75	53	54	101	60	29	37	9	12	8
EC-19D	915158400	31098	882	31980	42591	13310	16039	1125	71	88	92	115	72	37	105	20	15	9
EC-19B	915158340	28369	958	29327	38978	13003	13336	957	218	230	193	116	49	56	68	82	32	29
EC-04E	915158280	27743	720	28463	36214	11955	14497	669	139	88	109	107	34	50	33	34	14	14
EC-01E	915158220	25298	896	26194	40908	16531	7327	406	17	99	36	210	539	13	92	15	7	6
EC-04I	915158160	25292	624	25916	34410	13809	10101	639	40	43	34	349	105	29	109	14	11	9
EC-11A	915158100	24637	446	25083	65883	15407	8446	34	156	128	91	35	120	39	113	21	16	31
EC-15P	915158040	19207	692	19899	19899	8266	9521	1100	0	5	7	185	96	6	7	3	11	0
EC-02P	915157980	17912	1040	18952	18952	6471	9764	1214	6	8	10	285	124	10	2	3	12	3
EC-04P	915157920	16548	605	17153	17153	7284	8013	876	1	5	9	239	98	5	13	0	5	0
EC-01P	915157860	15798	1144	16942	16942	6070	7894	1152	3	6	11	397	237	2	17	1	4	4
EC-10D	915157800	15691	714	16405	62002	5003	9194	57	311	191	104	115	386	73	126	55	36	40
EC-10E	915157740	14273	577	14850	58751	5941	6607	49	335	265	122	133	332	84	161	111	55	78
EC-10B	915157680	12760	767	13527	58350	4232	6854	53	293	228	127	139	466	71	125	77	49	49
EC-07P	915157620	12674	526	13200	13200	4848	6232	1289	18	2	14	124	123	5	7	2	7	3
EC-10H	915157560	12098	1059	13157	53247	7494	3430	68	127	109	84	77	356	33	158	51	49	62
EC-10F	915157500	11669	737	12406	53545	5685	4664	44	210	138	118	72	417	53	88	88	41	51
EC-03P	915157440	11633	504	12137	12137	4403	6169	791	2	4	4	172	67	4	4	0	11	2
EC-17P	915157380	11075	298	11373	11373	4129	6167	650	2	8	4	60	31	6	5	5	7	1
EC-10I	915157320	10778	384	11162	63799	4834	5125	18	113	95	49	54	328	29	47	41	21	24
EC-22P	915157260	10686	372	11058	11058	4456	5380	657	6	2	7	106	56	4	9	1	1	1
EC-19P	915157200	10110	277	10387	10387	4190	4944	823	1	2	5	74	52	5	7	0	4	3
EC-10C	915157140	8606	321	8927	61514	2271	5324	24	197	158	81	93	208	58	90	49	28	25
EC-10G	915157080	8118	453	8571	42304	4270	3062	33	95	72	65	58	258	34	80	32	28	31
EC-08P	915157020	7776	379	8155	8155	3024	3619	936	4	9	5	92	74	3	5	0	3	2
EC-10A	915156960	7617	419	8036	50885	3580	3377	50	108	62	45	40	154	34	84	31	20	32
EC-10J	915156900	7113	314	7427	51581	3263	3471	11	57	28	25	22	151	14	46	10	8	7
EC-21P	915156840	6235	146	6381	6381	2502	3188	418	0	4	5	48	59	5	1	0	4	1
EC-05P	915156780	5647	234	5881	5881	2482	2680	393	5	2	8	54	13	3	5	0	0	2
EC-09P	915156720	5415	170	5585	5585	2108	2206	998	1	5	12	37	37	5	3	1	1	1
EC-13P	915156660	4660	243	4903	4903	2071	2272	0	1	3	1	10	33	0	19	2	2	0
EC-06P	915156600	4786	92	4878	4878	2088	2333	285	3	0	3	21	47	2	3	0	1	0
EC-20P	915156540	4535	141	4676	4676	1956	2154	375	0	3	0	20	22	2	1	0	2	0
EC-16P	915156480	4135	146	4281	4281	1752	2042	278	1	0	2	19	32	1	7	0	1	0
EC-18P	915156420	3253	83	3336	3336	1154	1755	297	0	1	2	21	16	3	0	1	3	0
EC-14P	915156360	3195	113	3308	3308	1752	1195	99	1	3	1	10	101	1	27	1	3	1
EC-12P	915156300	2183	85	2268	2268	1491	551	8	1	2	2	1	95	0	31	0	1	0
EC-10K	915156240	2016	117	2133	56792	1262	593	6	26	22	11	12	33	3	31	6	8	3
EC-11C	915156180	1182	30	1212	52688	389	751	15	6	1	1	2	4	2	9	2	0	0
EC-10P	915156120	829	119	948	948	170	342	0	1	0	0	3	305	1	5	1	0	1
EC-11P	915156060	589	46	635	635	386	160	6	1	1	0	1	27	0	6	1	0	0
